{
    "model_type": "lstm",
    "hyperparameters": {
        "model_type": "lstm",
        "batch_size": 32,
        "window_size": 16,
        "stride": 16,
        "hidden_size": 32,
        "num_layers": 2,
        "dropout": 0.3,
        "learning_rate": 0.004,
        "num_epochs": 50,
        "save_dir": "./results"
    },
    "metrics": {
        "Accuracy": 0.8217893217893217,
        "Precision": 0.7942259513880885,
        "Recall": 0.8217893217893217,
        "F1 Score": 0.7955082094133109
    },
    "time_statistics": {
        "total_training_time": 114.68849897384644,
        "average_training_time_per_epoch": 2.2937699794769286,
        "total_testing_time": 116.39669251441956,
        "average_testing_time_per_epoch": 2.327933850288391,
        "total_time": 231.085191488266
    },
    "training_history": {
        "train_loss": [
            2.9741873608695135,
            2.4486621618270874,
            1.9958144028981526,
            1.7557949092653062,
            1.655274874634213,
            1.5790621638298035,
            1.5019265446397994,
            1.371296654144923,
            1.3126453227467008,
            1.2704488767517939,
            1.179238157139884,
            1.1601234442657895,
            1.2863734629419115,
            1.5197992655966017,
            1.2612818512651656,
            1.1006847586896684,
            1.0099349154366388,
            1.0071490009625752,
            0.9952768087387085,
            0.9327400558524661,
            0.917391472392612,
            0.8258299860689375,
            0.8194023304515414,
            0.8564971718523238,
            0.8104532261689504,
            0.7752530376116434,
            0.7749842488103442,
            0.7612961812151803,
            0.6995304359330071,
            0.7062738455004163,
            0.6568283802933164,
            0.6442230840524038,
            0.6192156126101812,
            0.6692245635721419,
            1.0138564076688554,
            0.7931402292516496,
            0.7461894187662337,
            0.6624771654605865,
            0.6600894133249918,
            0.6346334715684255,
            0.6102069831556745,
            0.5270882298549017,
            0.49940505623817444,
            0.516510922047827,
            0.49057893951733905,
            0.5064305514097214,
            0.5162472393777635,
            0.6853903151220746,
            0.6008986251221763,
            0.5795125679837333
        ],
        "test_loss": [
            2.711402779275721,
            2.06275182149627,
            1.7414678443561902,
            1.682328779589046,
            1.6066766733472997,
            1.448059930042787,
            1.355328763073141,
            1.2733046344735406,
            1.241216559301723,
            1.2322663177143445,
            1.1215470866723494,
            1.1420736055482517,
            1.3642352480779996,
            1.2425038028847089,
            1.1204273334958337,
            0.986301989717917,
            0.9809981449083849,
            0.9586098763075742,
            0.9333035200834274,
            0.8408734933896498,
            0.8814249255440452,
            0.7440535073930566,
            0.8788076652721926,
            0.7086917764761231,
            0.7115507085214962,
            0.7270428064194593,
            0.8013295368714766,
            0.636362645436417,
            0.6361065486615355,
            0.6507237987084822,
            0.639556541361592,
            0.5678595121611248,
            0.6000341732393611,
            0.6243367384780537,
            0.833597482605414,
            0.6804747147993608,
            0.5967494140971791,
            0.6338623342188922,
            0.6089978218078613,
            0.5596899891441519,
            0.5299851481210102,
            0.48417899148030713,
            0.4690248024734584,
            0.4810441488569433,
            0.44789836420254275,
            0.5123371048407122,
            0.4925006255507469,
            0.5457769341089509,
            0.5529242225668647,
            0.4480992406606674
        ],
        "train_acc": [
            14.930555555555555,
            33.15972222222222,
            39.40972222222222,
            41.666666666666664,
            42.53472222222222,
            44.270833333333336,
            46.00694444444444,
            50.86805555555556,
            53.298611111111114,
            52.083333333333336,
            57.11805555555556,
            59.201388888888886,
            51.041666666666664,
            45.138888888888886,
            52.43055555555556,
            58.15972222222222,
            62.84722222222222,
            61.111111111111114,
            61.979166666666664,
            65.27777777777777,
            63.36805555555556,
            70.13888888888889,
            68.05555555555556,
            65.45138888888889,
            68.57638888888889,
            67.70833333333333,
            70.48611111111111,
            69.27083333333333,
            71.00694444444444,
            71.70138888888889,
            73.09027777777777,
            72.74305555555556,
            73.78472222222223,
            73.61111111111111,
            63.020833333333336,
            69.96527777777777,
            68.57638888888889,
            70.65972222222223,
            72.39583333333333,
            73.09027777777777,
            73.09027777777777,
            79.16666666666667,
            80.72916666666667,
            81.77083333333333,
            80.20833333333333,
            78.125,
            77.08333333333333,
            75.69444444444444,
            73.4375,
            77.95138888888889
        ],
        "test_acc": [
            31.6017316017316,
            39.682539682539684,
            44.01154401154401,
            44.94949494949495,
            47.76334776334777,
            48.268398268398265,
            50.721500721500725,
            54.61760461760462,
            54.68975468975469,
            56.998556998557,
            60.96681096681097,
            57.21500721500721,
            47.61904761904762,
            52.886002886002885,
            55.84415584415584,
            68.03751803751804,
            63.13131313131313,
            64.28571428571429,
            63.275613275613274,
            67.74891774891775,
            69.40836940836941,
            71.5007215007215,
            66.88311688311688,
            72.07792207792208,
            75.46897546897547,
            72.65512265512265,
            64.57431457431457,
            77.63347763347764,
            73.01587301587301,
            74.53102453102453,
            71.71717171717172,
            78.21067821067821,
            74.45887445887446,
            75.10822510822511,
            64.57431457431457,
            72.65512265512265,
            75.25252525252525,
            75.39682539682539,
            74.02597402597402,
            77.994227994228,
            77.63347763347764,
            80.73593073593074,
            82.17893217893217,
            79.65367965367966,
            80.66378066378067,
            77.2005772005772,
            80.15873015873017,
            75.32467532467533,
            77.84992784992785,
            81.67388167388168
        ]
    }
}