{
    "model_type": "cnn_gru",
    "hyperparameters": {
        "model_type": "cnn_gru",
        "batch_size": 32,
        "window_size": 16,
        "stride": 8,
        "hidden_size": 64,
        "num_layers": 2,
        "dropout": 0.3,
        "learning_rate": 0.004,
        "num_epochs": 50,
        "save_dir": "./results"
    },
    "metrics": {
        "Accuracy": 0.9715536105032823,
        "Precision": 0.9750514146779672,
        "Recall": 0.9715536105032823,
        "F1 Score": 0.9709849886318321
    },
    "time_statistics": {
        "total_training_time": 128.48090767860413,
        "average_training_time_per_epoch": 2.5696181535720823,
        "total_testing_time": 126.88154077529907,
        "average_testing_time_per_epoch": 2.5376308155059815,
        "total_time": 255.3624484539032
    },
    "training_history": {
        "train_loss": [
            2.38795472184817,
            1.3789169987042744,
            1.038511648774147,
            0.9207516329156028,
            1.0859855338931084,
            0.9484833561711841,
            0.6562407045728631,
            0.6392315187387996,
            0.5517475335962243,
            0.5816265617807707,
            0.42454711058073574,
            0.4927838912440671,
            0.410747858385245,
            0.33080710594852764,
            0.4301343324283759,
            0.5895371714399921,
            0.47426582790083355,
            0.25732539283732575,
            0.22131526097655296,
            0.5532818535963694,
            0.29543220645023716,
            0.3456863121440013,
            0.376917526539829,
            0.5147532899346616,
            0.22345178139706454,
            0.16232806661476692,
            0.13362733336786428,
            0.10903247673478392,
            0.1739588036822776,
            0.17309526012589535,
            0.24490638284219635,
            0.2345278739101357,
            0.18316824827343225,
            0.10377615343572365,
            0.08834602184490198,
            0.07819386540601651,
            0.08287523459229204,
            0.18420972695781124,
            0.48713424191292787,
            0.48714182939794326,
            0.21197442524135113,
            0.13974030833277437,
            0.1656303834170103,
            0.5519199694196383,
            0.18107992162307104,
            0.13430400813619295,
            0.1464743989830216,
            0.11273529587520494,
            0.08918384291852514,
            0.07495746052720481
        ],
        "test_loss": [
            1.6608148882555407,
            1.0489170280999915,
            1.1046199639176213,
            0.6185786228540332,
            1.177036812832189,
            0.6763319303823072,
            0.5538787737835286,
            0.5008727759122849,
            0.5307445444686468,
            0.45914434953484423,
            0.37500318209099215,
            0.40842512995004654,
            0.3094880653675212,
            0.272410799077777,
            0.4136095845768618,
            0.676187030277973,
            0.27203257217310195,
            0.22175169528223748,
            0.21716647322267987,
            0.3847722806209742,
            0.24746453779381375,
            0.24538563625064008,
            0.24550238130397575,
            0.33122036389486736,
            0.15270823329080677,
            0.13186562542132166,
            0.10103065431724455,
            0.11406261283297871,
            0.11089566020771514,
            0.1387117047859139,
            0.1625678724890878,
            0.18019321751455927,
            0.1072658567126234,
            0.09207790337373005,
            0.07116010498667005,
            0.06568405644285905,
            0.08019332501896505,
            0.13313007629801368,
            0.5920557928986327,
            0.203015114548941,
            0.19758129994883095,
            0.083285900590898,
            0.15661324023507361,
            0.4008743712721869,
            0.1247515514666258,
            0.14063062874037166,
            0.21756827265977166,
            0.1044171268965096,
            0.1645572494802087,
            0.06322157556505137
        ],
        "train_acc": [
            26.99652777777778,
            51.12847222222222,
            62.84722222222222,
            65.27777777777777,
            62.58680555555556,
            65.10416666666667,
            74.91319444444444,
            74.73958333333333,
            77.17013888888889,
            74.56597222222223,
            82.29166666666667,
            80.64236111111111,
            82.98611111111111,
            86.71875,
            82.89930555555556,
            79.6875,
            80.81597222222223,
            89.67013888888889,
            90.53819444444444,
            82.29166666666667,
            87.67361111111111,
            88.19444444444444,
            85.41666666666667,
            79.77430555555556,
            90.19097222222223,
            92.10069444444444,
            92.53472222222223,
            95.3125,
            92.10069444444444,
            92.27430555555556,
            89.84375,
            90.53819444444444,
            90.625,
            95.48611111111111,
            95.39930555555556,
            95.92013888888889,
            96.18055555555556,
            91.66666666666667,
            83.33333333333333,
            82.37847222222223,
            91.31944444444444,
            93.48958333333333,
            91.75347222222223,
            81.94444444444444,
            93.14236111111111,
            94.53125,
            93.14236111111111,
            95.57291666666667,
            96.18055555555556,
            96.78819444444444
        ],
        "test_acc": [
            44.055433989788476,
            61.670313639679065,
            60.94091903719912,
            75.49234135667396,
            49.23413566739606,
            74.47118891320204,
            75.71115973741794,
            79.32166301969366,
            74.65353756382203,
            80.0145878920496,
            83.58862144420131,
            83.04157549234135,
            87.12618526622903,
            89.02261123267688,
            83.7709700948213,
            77.68052516411379,
            88.65791393143691,
            90.37199124726477,
            89.78847556528082,
            83.6980306345733,
            90.15317286652079,
            88.51203501094092,
            88.47556528081692,
            85.63092633114515,
            91.72137126185267,
            93.32603938730854,
            94.38366156090444,
            93.43544857768053,
            93.76367614879649,
            93.94602479941648,
            93.76367614879649,
            91.3202042304887,
            94.31072210065645,
            94.16484318016046,
            95.29540481400437,
            95.36834427425237,
            97.15536105032822,
            91.50255288110868,
            79.06637490882568,
            90.59080962800876,
            91.53902261123268,
            95.44128373450036,
            94.23778264040845,
            85.88621444201313,
            93.94602479941648,
            93.87308533916848,
            91.3931436907367,
            94.71188913202042,
            94.01896425966447,
            96.64478482859226
        ]
    }
}