{
    "model_type": "cnn",
    "hyperparameters": {
        "model_type": "cnn",
        "batch_size": 32,
        "window_size": 16,
        "stride": 8,
        "hidden_size": 64,
        "num_layers": 2,
        "dropout": 0.3,
        "learning_rate": 0.005,
        "num_epochs": 50,
        "save_dir": "./results"
    },
    "metrics": {
        "Accuracy": 0.8008752735229759,
        "Precision": 0.7640275658203975,
        "Recall": 0.8008752735229759,
        "F1 Score": 0.7642562767515108
    },
    "time_statistics": {
        "total_training_time": 126.35771083831787,
        "average_training_time_per_epoch": 2.527154216766357,
        "total_testing_time": 126.05973553657532,
        "average_testing_time_per_epoch": 2.5211947107315065,
        "total_time": 252.4174463748932
    },
    "training_history": {
        "train_loss": [
            2.7832576433817544,
            2.3217750191688538,
            2.1382283601495953,
            1.7496163017219968,
            1.490501172012753,
            1.252169657084677,
            1.1558471620082855,
            1.0923010723458395,
            0.9954701678620445,
            0.8957966383960512,
            0.8388044072522057,
            0.7992062833574083,
            0.7708097249269485,
            0.7152017007271448,
            0.7156132765942149,
            0.7039281667934524,
            0.6685572986801466,
            0.6619435432884428,
            0.6099325741330782,
            0.5968524052037133,
            0.6957265436649323,
            0.7352332547307014,
            0.6286405018634267,
            0.6816839940018125,
            0.5788791957828734,
            0.561090849339962,
            0.5773160515560044,
            0.5554029982950952,
            0.5179484453466203,
            0.5095930865241421,
            0.5096145255698098,
            0.5130744924147924,
            0.5704974035422007,
            0.5030498521195518,
            0.5202169004413817,
            0.4975517996483379,
            0.47902142587635255,
            0.4705439292722278,
            0.48039478270543945,
            0.44507402926683426,
            0.4565971220533053,
            0.45152540587716633,
            0.46798179464207756,
            0.5636272985074255,
            0.4351307219929165,
            0.4157422325677342,
            0.4082769950230916,
            0.494242609375053,
            0.5333696790039539,
            0.5104450003968345
        ],
        "test_loss": [
            2.4212750917257266,
            2.185708307942679,
            1.9068808763526206,
            1.4908513911934786,
            1.4056450863217198,
            1.0860377993694572,
            1.0143652994965398,
            0.940717218920242,
            0.9065759805745857,
            0.9164445961630622,
            0.7215107578870862,
            0.703590112370114,
            0.7237679923689643,
            0.642244896916456,
            0.7435038675402486,
            0.6217841384715812,
            0.59777951379155,
            0.6062535778727642,
            0.5973583910354349,
            0.5832778218873712,
            1.0026972785938617,
            0.60450575171515,
            0.6718270633109781,
            0.5662064562703288,
            0.5476776323346204,
            0.5617684389269629,
            0.501972475717234,
            0.522760025463825,
            0.4810469642628071,
            0.4680240249564481,
            0.46038687367771947,
            0.5614577219929806,
            0.5232807066898013,
            0.45283783885628676,
            0.4444087878909222,
            0.46644219652164814,
            0.5248127737364103,
            0.44372803891120954,
            0.4379117948024772,
            0.4537113418066224,
            0.4289423047110092,
            0.42861796343742414,
            0.5983228619362033,
            0.5245743225826773,
            0.4526205657179965,
            0.4164548022455947,
            0.4879518806241279,
            0.41627553088027375,
            0.4034819680937501,
            0.3959959549612777
        ],
        "train_acc": [
            11.371527777777779,
            21.09375,
            26.5625,
            38.454861111111114,
            41.579861111111114,
            50.260416666666664,
            54.34027777777778,
            55.12152777777778,
            57.552083333333336,
            61.80555555555556,
            63.541666666666664,
            64.23611111111111,
            64.23611111111111,
            67.62152777777777,
            67.10069444444444,
            68.57638888888889,
            68.92361111111111,
            68.75,
            70.65972222222223,
            71.78819444444444,
            68.48958333333333,
            65.53819444444444,
            69.70486111111111,
            67.70833333333333,
            72.13541666666667,
            73.4375,
            72.48263888888889,
            73.35069444444444,
            75.69444444444444,
            75.17361111111111,
            75.52083333333333,
            75.52083333333333,
            72.74305555555556,
            74.73958333333333,
            74.65277777777777,
            76.04166666666667,
            76.47569444444444,
            77.77777777777777,
            77.43055555555556,
            79.42708333333333,
            76.90972222222223,
            78.47222222222223,
            76.99652777777777,
            73.35069444444444,
            77.95138888888889,
            80.29513888888889,
            79.60069444444444,
            75.08680555555556,
            75.0,
            76.5625
        ],
        "test_acc": [
            20.897155361050327,
            26.00291757840992,
            35.63092633114515,
            43.65426695842451,
            48.39533187454413,
            55.32458059810357,
            58.27862873814734,
            63.056163384390956,
            58.27862873814734,
            60.06564551422319,
            69.07366885485047,
            70.20423048869438,
            65.82786287381474,
            70.42304886943836,
            65.86433260393873,
            72.68417213712618,
            71.51714077315827,
            69.43836615609044,
            69.36542669584244,
            72.13712618526623,
            54.19401896425966,
            70.56892778993435,
            68.63603209336252,
            71.77242888402625,
            72.79358132749817,
            71.40773158278628,
            76.3311451495259,
            76.65937272064187,
            78.19110138584975,
            78.8840262582057,
            77.75346462436178,
            72.75711159737418,
            73.15827862873815,
            78.44638949671773,
            78.70167760758571,
            77.97228300510577,
            74.87235594456601,
            79.94164843180161,
            80.0510576221736,
            76.47702407002188,
            79.35813274981766,
            78.8475565280817,
            70.75127644055434,
            73.08533916849015,
            76.73231218088986,
            79.50401167031364,
            77.97228300510577,
            79.94164843180161,
            79.97811816192561,
            80.0875273522976
        ]
    }
}