{
    "model_type": "cnn_lstm",
    "hyperparameters": {
        "model_type": "cnn_lstm",
        "batch_size": 32,
        "window_size": 16,
        "stride": 16,
        "hidden_size": 64,
        "num_layers": 2,
        "dropout": 0.3,
        "learning_rate": 0.004,
        "num_epochs": 50,
        "save_dir": "./results"
    },
    "metrics": {
        "Accuracy": 0.8225108225108225,
        "Precision": 0.8326580042088473,
        "Recall": 0.8225108225108225,
        "F1 Score": 0.8001257793328223
    },
    "time_statistics": {
        "total_training_time": 120.8432548046112,
        "average_training_time_per_epoch": 2.416865096092224,
        "total_testing_time": 119.34905052185059,
        "average_testing_time_per_epoch": 2.3869810104370117,
        "total_time": 240.1923053264618
    },
    "training_history": {
        "train_loss": [
            2.8795211580064564,
            2.1275931927892895,
            1.712638212574853,
            1.4950102037853665,
            1.3954413996802435,
            1.3487178120348189,
            1.2414069341288672,
            1.1579968233903248,
            1.1031062967247434,
            1.0681545072131686,
            1.023489624261856,
            1.0053404635853238,
            0.9961584309736887,
            1.0385032561090257,
            1.0271472367975447,
            1.0477226608329349,
            0.9165316489007738,
            0.829397545920478,
            0.8805338905917274,
            1.0056827863057454,
            0.9911485413710276,
            1.000608719057507,
            0.7719991836282942,
            0.7537010179625617,
            0.8033671147293515,
            0.729449729124705,
            0.7818135188685523,
            0.7840888533327315,
            0.6894792632924186,
            0.6187481400039461,
            0.6386139773660235,
            0.5529873934057024,
            0.6771865884462992,
            0.6672312253051333,
            0.6550141192144818,
            0.8073332971996732,
            0.8074183762073517,
            0.736094132065773,
            0.6544071667724185,
            0.5385733875963423,
            0.4881075951788161,
            0.5462772010101212,
            0.6127121713426378,
            0.5171331663926443,
            0.5240065869357851,
            0.6580109082990222,
            0.9335726847251257,
            0.6591979513565699,
            0.4810618195268843,
            0.4706474161810345
        ],
        "test_loss": [
            2.365744498643008,
            1.7740176184610887,
            1.4681174971840598,
            1.3534543622623791,
            1.4672497565096074,
            1.1365976225246082,
            1.2341825785962017,
            1.0709943608804182,
            1.1303275295279243,
            1.081879210743037,
            0.9371367841959,
            1.0478722019629045,
            0.9984373585744337,
            0.9471955692226236,
            1.0385554487054998,
            0.9840586713769219,
            0.8455808325247332,
            0.8039680597457018,
            1.3075914965434507,
            0.8267924311486158,
            1.2920657911083915,
            0.8335317901589654,
            0.6989793906157667,
            0.6890841349959373,
            0.8096777878024362,
            0.7278618135235526,
            0.8288039470260794,
            0.6517821252346039,
            0.6190652102231979,
            0.6665550063956868,
            0.6118851974606514,
            0.5630278025161136,
            0.6301258125088431,
            0.6507802558216181,
            0.8809063150124117,
            0.609856597401879,
            0.7371932051398538,
            0.6813749223947525,
            0.5249002873897552,
            0.5072503564032641,
            0.4877264215187593,
            0.748554221608422,
            0.5140586163509976,
            0.5056758699091998,
            0.5759346410632133,
            0.9686953317035328,
            0.791693658313968,
            0.4986534972082485,
            0.4831467385996472,
            0.3947805728424679
        ],
        "train_acc": [
            15.104166666666666,
            30.555555555555557,
            37.673611111111114,
            46.18055555555556,
            45.486111111111114,
            46.52777777777778,
            51.90972222222222,
            51.90972222222222,
            54.34027777777778,
            54.34027777777778,
            56.59722222222222,
            59.72222222222222,
            57.986111111111114,
            56.076388888888886,
            57.11805555555556,
            55.90277777777778,
            61.458333333333336,
            63.19444444444444,
            59.72222222222222,
            59.375,
            58.68055555555556,
            59.02777777777778,
            68.75,
            67.88194444444444,
            66.49305555555556,
            68.22916666666667,
            65.79861111111111,
            65.45138888888889,
            70.13888888888889,
            73.26388888888889,
            72.22222222222223,
            76.90972222222223,
            72.04861111111111,
            72.74305555555556,
            69.09722222222223,
            67.1875,
            69.27083333333333,
            69.79166666666667,
            69.09722222222223,
            76.38888888888889,
            77.95138888888889,
            76.21527777777777,
            74.30555555555556,
            75.86805555555556,
            76.73611111111111,
            73.78472222222223,
            67.01388888888889,
            73.09027777777777,
            82.46527777777777,
            80.20833333333333
        ],
        "test_acc": [
            27.272727272727273,
            38.38383838383838,
            45.5988455988456,
            50.57720057720058,
            43.867243867243864,
            57.79220779220779,
            47.97979797979798,
            55.84415584415584,
            53.39105339105339,
            54.54545454545455,
            63.13131313131313,
            53.17460317460318,
            58.22510822510822,
            60.60606060606061,
            62.77056277056277,
            56.06060606060606,
            63.78066378066378,
            63.997113997114,
            49.06204906204906,
            67.17171717171718,
            52.74170274170274,
            65.94516594516594,
            73.5930735930736,
            72.2943722943723,
            65.15151515151516,
            67.17171717171718,
            61.25541125541125,
            74.17027417027417,
            74.60317460317461,
            77.41702741702741,
            72.87157287157287,
            73.73737373737374,
            73.08802308802309,
            74.0981240981241,
            62.121212121212125,
            75.32467532467533,
            70.92352092352093,
            71.71717171717172,
            76.91197691197691,
            77.77777777777777,
            78.93217893217893,
            69.91341991341992,
            78.86002886002886,
            77.84992784992785,
            75.39682539682539,
            67.6046176046176,
            71.21212121212122,
            79.94227994227994,
            82.03463203463204,
            82.25108225108225
        ]
    }
}