{
    "model_type": "cnn_gru",
    "hyperparameters": {
        "model_type": "cnn_gru",
        "batch_size": 32,
        "window_size": 16,
        "stride": 16,
        "hidden_size": 64,
        "num_layers": 2,
        "dropout": 0.3,
        "learning_rate": 0.004,
        "num_epochs": 50,
        "save_dir": "./results"
    },
    "metrics": {
        "Accuracy": 0.9336219336219336,
        "Precision": 0.9328372232606104,
        "Recall": 0.9336219336219336,
        "F1 Score": 0.9329820949577521
    },
    "time_statistics": {
        "total_training_time": 122.76831197738647,
        "average_training_time_per_epoch": 2.4553662395477294,
        "total_testing_time": 120.55622434616089,
        "average_testing_time_per_epoch": 2.411124486923218,
        "total_time": 243.32453632354736
    },
    "training_history": {
        "train_loss": [
            2.761942015753852,
            1.932518720626831,
            1.4858655995792813,
            1.3855008946524725,
            1.1272954410976834,
            1.0249915387895372,
            1.1117372579044766,
            0.9968643221590254,
            0.8582128385702769,
            0.8917969034777747,
            0.8064847158061134,
            1.0189493000507355,
            0.8141384522120158,
            0.7417315940062205,
            0.6376205268833373,
            0.6398060752285851,
            0.6560445676247278,
            0.6994750301043192,
            0.681370014945666,
            0.5649158358573914,
            0.5224391520023346,
            0.7355941484371821,
            0.6856055541170968,
            0.8527305242088106,
            0.5203259438276291,
            0.3972652190261417,
            0.3881071698334482,
            0.3117782018250889,
            0.2553153410553932,
            0.26930417782730526,
            0.26385350194242263,
            0.2525677788588736,
            0.28398944354719585,
            0.4061219303144349,
            0.4801627993583679,
            0.41797436277071637,
            0.4184202452500661,
            0.43328995919889873,
            0.2980987909767363,
            0.18467702633804745,
            0.19752886353267562,
            0.31197169340319103,
            0.46912875067856574,
            0.3087461557653215,
            0.2783798124227259,
            0.22638474570380318,
            0.2094808059434096,
            0.1523450757894251,
            0.12534023904138142,
            0.1757117004858123
        ],
        "test_loss": [
            2.198979077014056,
            1.5498272072185169,
            1.5139250484379856,
            1.1646765267307109,
            0.9878584742546082,
            0.9858980029821396,
            1.0026599087498405,
            0.9519413005221974,
            0.8680790703405034,
            0.8362928168340162,
            0.7471925433386456,
            0.9194891520521857,
            0.7562147311188958,
            0.6561702157963406,
            0.6426048238169063,
            0.9959330741654743,
            0.5959497439590368,
            0.903238406912847,
            0.590933045880361,
            0.4776874187995087,
            0.8785043595866724,
            0.5788776664571329,
            1.2453436174175956,
            0.7399286607449705,
            0.40860421887852927,
            0.41894014044241473,
            0.3404246365482157,
            0.3219647624275901,
            0.3335212343795733,
            0.4586351849138737,
            0.2774851161309264,
            0.24183467047458346,
            0.5573407223617489,
            0.6485041220757094,
            0.43533588928932493,
            0.4109024608677084,
            0.4850363910875537,
            0.29895729486915196,
            0.22967097281732343,
            0.21347323085435413,
            0.3110953019085256,
            0.2423889423635873,
            0.31592215673828666,
            0.3186565293845805,
            0.2574733128263192,
            0.4970140890641646,
            0.18264522750607945,
            0.14505493979562412,
            0.21426453204317528,
            0.1568337016823617
        ],
        "train_acc": [
            18.57638888888889,
            36.80555555555556,
            50.520833333333336,
            46.00694444444444,
            57.8125,
            61.28472222222222,
            56.423611111111114,
            60.416666666666664,
            65.10416666666667,
            64.40972222222223,
            68.92361111111111,
            60.416666666666664,
            66.84027777777777,
            69.96527777777777,
            76.5625,
            74.13194444444444,
            73.95833333333333,
            73.4375,
            74.65277777777777,
            78.125,
            81.07638888888889,
            73.26388888888889,
            74.13194444444444,
            69.61805555555556,
            84.20138888888889,
            87.84722222222223,
            86.45833333333333,
            90.27777777777777,
            90.625,
            91.31944444444444,
            88.36805555555556,
            89.0625,
            89.58333333333333,
            84.20138888888889,
            83.15972222222223,
            82.63888888888889,
            84.20138888888889,
            82.8125,
            87.67361111111111,
            92.70833333333333,
            91.49305555555556,
            87.5,
            83.85416666666667,
            86.97916666666667,
            89.0625,
            90.45138888888889,
            91.31944444444444,
            92.70833333333333,
            93.57638888888889,
            91.66666666666667
        ],
        "test_acc": [
            38.96103896103896,
            54.83405483405483,
            45.743145743145746,
            59.307359307359306,
            64.06926406926407,
            62.40981240981241,
            60.60606060606061,
            63.2034632034632,
            68.97546897546897,
            67.67676767676768,
            71.71717171717172,
            57.43145743145743,
            70.77922077922078,
            77.63347763347764,
            74.31457431457432,
            59.884559884559884,
            76.4069264069264,
            69.48051948051948,
            80.8080808080808,
            85.2092352092352,
            71.5007215007215,
            76.11832611832612,
            61.83261183261183,
            72.36652236652236,
            87.3015873015873,
            84.27128427128427,
            86.7965367965368,
            85.71428571428571,
            87.73448773448773,
            81.24098124098124,
            88.16738816738817,
            89.10533910533911,
            82.25108225108225,
            76.83982683982684,
            82.53968253968254,
            85.28138528138528,
            82.3953823953824,
            88.02308802308802,
            92.06349206349206,
            90.18759018759019,
            87.73448773448773,
            90.4040404040404,
            88.38383838383838,
            88.23953823953823,
            88.60028860028861,
            80.73593073593074,
            91.48629148629149,
            93.36219336219337,
            90.18759018759019,
            92.20779220779221
        ]
    }
}