{
    "model_type": "cnn_lstm",
    "hyperparameters": {
        "model_type": "cnn_lstm",
        "batch_size": 32,
        "window_size": 16,
        "stride": 8,
        "hidden_size": 64,
        "num_layers": 2,
        "dropout": 0.3,
        "learning_rate": 0.003,
        "num_epochs": 50,
        "save_dir": "./results"
    },
    "metrics": {
        "Accuracy": 0.9281546316557258,
        "Precision": 0.9306907807629154,
        "Recall": 0.9281546316557258,
        "F1 Score": 0.9190858865230599
    },
    "time_statistics": {
        "total_training_time": 127.06868052482605,
        "average_training_time_per_epoch": 2.541373610496521,
        "total_testing_time": 123.87641310691833,
        "average_testing_time_per_epoch": 2.4775282621383665,
        "total_time": 250.94509363174438
    },
    "training_history": {
        "train_loss": [
            2.549324009153578,
            1.6534645325607724,
            1.3107217070129182,
            1.1906451433897018,
            1.0230111910237207,
            0.891174359454049,
            1.0032044822971027,
            0.8508970422877206,
            0.8599066469404433,
            0.7193400603201654,
            0.9175188839435577,
            0.6531354975369241,
            0.5604964627159966,
            0.6020534369680617,
            0.5624882351193163,
            0.5835802745487955,
            0.5341839318474134,
            0.6009475655025907,
            0.5814422675304942,
            0.4991770577099588,
            0.36147842680414516,
            0.3819846266673671,
            0.8415360748767853,
            0.622607194715076,
            0.45238444871372646,
            0.47887760814693237,
            0.38362955757313305,
            0.3250311803486612,
            0.3064887865136067,
            0.3388277267416318,
            0.34738673518101376,
            0.6029439771340953,
            0.5332482043239806,
            0.4271255586710241,
            0.3376362932225068,
            0.2741641596787506,
            0.3667877728326453,
            0.2667829081830051,
            0.28783532314830357,
            0.529324534866545,
            0.8263235514362653,
            0.400574358801047,
            0.32759300453795326,
            0.255292068546017,
            0.22967274797459444,
            0.2012858386668894,
            0.18531709102292857,
            0.18952625431120396,
            0.2619882091465924,
            0.19438964997728667
        ],
        "test_loss": [
            1.7828338645225348,
            1.427498598431432,
            1.0714870954668798,
            1.0781016523061797,
            0.9138923384422479,
            1.2456208772437518,
            0.7941948806130609,
            0.9876730500958687,
            0.722634399006533,
            0.8620086495959481,
            0.7513138021147528,
            0.5192873774226322,
            0.47243336484182713,
            0.5966159413720287,
            0.5944341022607892,
            0.46716862310503804,
            0.45274074167706246,
            0.7399394046082053,
            0.4799597256405409,
            0.33640101136163225,
            0.35720242863131124,
            0.6377134312723958,
            0.6226543078935424,
            0.4170405809269395,
            0.48360842726258346,
            0.3810037897769795,
            0.32394643474456875,
            0.28342321311491864,
            0.31753776079520235,
            0.2915806046058965,
            0.6502917602138464,
            0.5383272846770841,
            0.39451446609441626,
            0.3063760969008124,
            0.3634186072578264,
            0.30736138151828635,
            0.24532295291333697,
            0.27025960502756197,
            0.473250103811192,
            1.4227060346409333,
            0.5150608739187551,
            0.4154707654271015,
            0.2794331261065117,
            0.21571836585915366,
            0.18648853755101216,
            0.18699814240599788,
            0.16366280017550602,
            0.5351467816982158,
            0.17562096467414914,
            0.18836768456669742
        ],
        "train_acc": [
            24.21875,
            41.666666666666664,
            49.91319444444444,
            52.083333333333336,
            60.06944444444444,
            63.28125,
            60.677083333333336,
            65.19097222222223,
            65.79861111111111,
            70.74652777777777,
            64.75694444444444,
            74.39236111111111,
            77.77777777777777,
            75.95486111111111,
            77.08333333333333,
            76.47569444444444,
            78.55902777777777,
            76.47569444444444,
            76.82291666666667,
            79.86111111111111,
            85.41666666666667,
            84.375,
            71.35416666666667,
            75.95486111111111,
            81.59722222222223,
            81.59722222222223,
            83.85416666666667,
            85.9375,
            85.9375,
            85.32986111111111,
            84.80902777777777,
            76.38888888888889,
            78.64583333333333,
            83.59375,
            86.11111111111111,
            88.88888888888889,
            85.41666666666667,
            87.84722222222223,
            87.32638888888889,
            80.20833333333333,
            70.48611111111111,
            83.42013888888889,
            85.9375,
            89.32291666666667,
            90.625,
            91.31944444444444,
            90.97222222222223,
            91.66666666666667,
            88.62847222222223,
            91.14583333333333
        ],
        "test_acc": [
            40.15317286652079,
            42.924872355944565,
            59.04449307075128,
            52.5528811086798,
            63.566739606126916,
            55.61633843909555,
            74.58059810357403,
            67.46900072939461,
            67.43253099927061,
            62.36323851203501,
            67.97957695113057,
            80.92633114514953,
            82.74981765134937,
            74.54412837345004,
            79.46754194018965,
            80.92633114514953,
            80.37928519328958,
            76.2217359591539,
            81.07221006564552,
            85.74033552151714,
            84.86506199854121,
            75.27352297592998,
            79.06637490882568,
            83.88037928519329,
            81.50984682713347,
            83.51568198395331,
            86.10503282275711,
            86.06856309263311,
            86.94383661560904,
            87.30853391684902,
            78.19110138584975,
            75.16411378555799,
            81.50984682713347,
            86.57913931436907,
            84.60977388767323,
            87.417943107221,
            87.89204959883297,
            87.92851932895697,
            83.36980306345733,
            64.04084609773888,
            82.93216630196936,
            82.89569657184536,
            86.79795769511306,
            90.26258205689278,
            91.61196207148068,
            91.10138584974472,
            92.81546316557258,
            81.65572574762946,
            91.86725018234866,
            91.97665937272065
        ]
    }
}