{
    "model_type": "gru",
    "hyperparameters": {
        "model_type": "gru",
        "batch_size": 32,
        "window_size": 16,
        "stride": 16,
        "hidden_size": 32,
        "num_layers": 2,
        "dropout": 0.3,
        "learning_rate": 0.015,
        "num_epochs": 50,
        "save_dir": "./results"
    },
    "metrics": {
        "Accuracy": 0.9415584415584416,
        "Precision": 0.9479143498480446,
        "Recall": 0.9415584415584416,
        "F1 Score": 0.9405792791701162
    },
    "time_statistics": {
        "total_training_time": 116.99236392974854,
        "average_training_time_per_epoch": 2.339847278594971,
        "total_testing_time": 118.9650206565857,
        "average_testing_time_per_epoch": 2.379300413131714,
        "total_time": 235.95738458633423
    },
    "training_history": {
        "train_loss": [
            2.645612292819553,
            1.7757277488708496,
            1.523326383696662,
            1.3701260520352259,
            1.1854957044124603,
            1.131452848513921,
            1.1224308378166623,
            1.0294741060998704,
            0.8612506356504228,
            0.8804131249586741,
            0.9137844211525388,
            0.8124450080924563,
            0.7080113258626726,
            0.6473272260692384,
            0.5513425022363663,
            0.4936803744898902,
            0.4496767653359307,
            0.48929618795712787,
            0.5399646063645681,
            0.43982798606157303,
            0.5998661435312695,
            0.6040093782875273,
            0.4778590914275911,
            0.5691985736290613,
            0.5478852995567851,
            0.6673713839716382,
            0.42825161831246483,
            0.3162471113933457,
            0.3431104239490297,
            0.3010937037567298,
            0.47297321922249264,
            0.4240957680675719,
            0.35895341800318825,
            0.5044335880213313,
            0.5579585846927431,
            0.43363520834181046,
            0.31090519577264786,
            0.5199321864379777,
            0.6563446140951581,
            0.447575612200631,
            0.34925510320398545,
            0.24734987898005378,
            0.22936958571275076,
            0.31689446253909004,
            0.33392277194394004,
            0.2453630231320858,
            0.19722604006528854,
            0.20694392174482346,
            0.22701258874601787,
            0.20406889253192478
        ],
        "test_loss": [
            1.9603717300024899,
            1.5258971127596768,
            1.2450702420689843,
            1.235235799442638,
            1.0575874217531898,
            1.2331432930447839,
            0.9267670356414535,
            0.8645177605477247,
            0.7180834764784033,
            0.9432254792614416,
            0.6685419428077611,
            0.751023758541454,
            0.6455010114745661,
            0.512676128609614,
            0.5262878327207132,
            0.47695859690958803,
            0.37003176794810727,
            0.5394945615394549,
            0.3799831574274735,
            0.6561742316592823,
            0.6648730893026699,
            0.4364684486592358,
            0.6050974642011252,
            0.6459052562713623,
            0.7611784853718497,
            0.38163480619815265,
            0.3736002535813234,
            0.3108841757798059,
            0.26145512458275666,
            0.36471310895020986,
            0.8142638037150557,
            0.4226015411656011,
            0.5148756548084996,
            0.818926761096174,
            0.45330911807038565,
            0.3339699317108501,
            0.3397533869878812,
            0.7934471023353663,
            0.47332448444583197,
            0.3187273054976355,
            0.27010279944674537,
            0.23587419194254008,
            0.1734721249138767,
            0.312272959261794,
            0.30667489919472823,
            0.18364476099271665,
            0.21852200427515941,
            0.3622446754439311,
            0.1804876457053152,
            0.20012934614946556
        ],
        "train_acc": [
            23.958333333333332,
            38.19444444444444,
            47.22222222222222,
            50.173611111111114,
            55.90277777777778,
            57.11805555555556,
            59.375,
            60.9375,
            67.01388888888889,
            65.45138888888889,
            65.625,
            67.88194444444444,
            72.22222222222223,
            73.4375,
            77.25694444444444,
            80.72916666666667,
            81.94444444444444,
            82.11805555555556,
            80.03472222222223,
            82.8125,
            77.43055555555556,
            75.86805555555556,
            82.98611111111111,
            77.77777777777777,
            79.6875,
            76.73611111111111,
            83.68055555555556,
            87.5,
            86.45833333333333,
            88.71527777777777,
            81.77083333333333,
            84.89583333333333,
            86.97916666666667,
            82.29166666666667,
            78.29861111111111,
            80.38194444444444,
            85.9375,
            78.64583333333333,
            74.82638888888889,
            81.77083333333333,
            85.9375,
            90.27777777777777,
            90.625,
            86.45833333333333,
            88.02083333333333,
            89.75694444444444,
            92.88194444444444,
            91.84027777777777,
            90.79861111111111,
            91.66666666666667
        ],
        "test_acc": [
            36.36363636363637,
            44.66089466089466,
            57.35930735930736,
            54.256854256854254,
            57.79220779220779,
            52.45310245310245,
            64.57431457431457,
            69.6969696969697,
            73.08802308802309,
            68.9033189033189,
            77.4891774891775,
            64.71861471861472,
            74.60317460317461,
            79.22077922077922,
            77.12842712842713,
            83.91053391053391,
            85.64213564213564,
            79.72582972582973,
            85.78643578643579,
            75.46897546897547,
            77.4891774891775,
            83.11688311688312,
            75.39682539682539,
            75.9018759018759,
            74.17027417027417,
            84.34343434343434,
            85.78643578643579,
            87.51803751803752,
            89.39393939393939,
            85.35353535353535,
            72.94372294372295,
            86.5079365079365,
            82.61183261183261,
            71.35642135642135,
            80.08658008658008,
            83.62193362193362,
            84.7041847041847,
            77.05627705627705,
            80.59163059163059,
            88.60028860028861,
            87.3015873015873,
            90.54834054834055,
            94.15584415584415,
            88.02308802308802,
            86.14718614718615,
            94.08369408369408,
            89.39393939393939,
            84.99278499278499,
            93.00144300144301,
            91.41414141414141
        ]
    }
}