{
    "model_type": "cnn",
    "hyperparameters": {
        "model_type": "cnn",
        "batch_size": 32,
        "window_size": 16,
        "stride": 8,
        "hidden_size": 64,
        "num_layers": 2,
        "dropout": 0.3,
        "learning_rate": 0.006,
        "num_epochs": 50,
        "save_dir": "./results"
    },
    "metrics": {
        "Accuracy": 0.8588621444201313,
        "Precision": 0.8600583609281234,
        "Recall": 0.8588621444201313,
        "F1 Score": 0.831662565085182
    },
    "time_statistics": {
        "total_training_time": 127.92651391029358,
        "average_training_time_per_epoch": 2.5585302782058714,
        "total_testing_time": 128.05783796310425,
        "average_testing_time_per_epoch": 2.5611567592620847,
        "total_time": 255.98435187339783
    },
    "training_history": {
        "train_loss": [
            2.8772841493288674,
            2.3693269027604,
            2.1099904510709973,
            1.8367659747600555,
            1.6302370594607458,
            1.4887017640802596,
            1.3790233002768622,
            1.3216629657480452,
            1.3770756522814434,
            1.2126359509097204,
            1.1479783339632883,
            1.1417907062504027,
            1.0803480015860663,
            1.0724795460700989,
            1.040633984737926,
            0.9951568014091916,
            0.987301379442215,
            1.0234679563177957,
            0.9234525875912772,
            0.9602900942166647,
            0.8929665486017863,
            0.9647850808170106,
            0.8805079857508341,
            0.7817465911308924,
            0.8164823253949484,
            0.9363768514659669,
            0.8194093621439404,
            0.8190818660789065,
            0.7106786535845863,
            0.7058774199750688,
            0.75929480459955,
            0.7246108386251662,
            0.6698595045341386,
            0.7148432085911433,
            0.8355564143922594,
            0.6326698337992033,
            0.6347026319967376,
            0.6212078117662005,
            0.5514050200581551,
            0.5465434624089135,
            0.5570330189334022,
            0.5297892664869627,
            0.6208171422282854,
            0.6837121595939001,
            0.7189336948924594,
            0.7792268163628049,
            0.7238113474514749,
            0.5265798585282432,
            0.4843129614988963,
            0.5429791249334812
        ],
        "test_loss": [
            2.5081087101337523,
            2.2234678725863612,
            1.9101708212564157,
            1.6352461479430975,
            1.468921697416971,
            1.4288590980130573,
            1.2685676591340886,
            1.250123368446217,
            1.1925143149009971,
            1.1355342310528422,
            1.1333994740663573,
            1.0791256850542024,
            1.004607730826666,
            1.0230650756248207,
            0.9899129049722538,
            0.9846087486244911,
            1.0609347376712532,
            0.8682995126690976,
            0.8619953664236291,
            0.9038245684878771,
            0.9563731918501299,
            0.8549550321213034,
            0.7525897317154463,
            0.691734948130541,
            0.9072326414806898,
            0.97109845349955,
            0.7548131339771803,
            0.7235583150109579,
            0.7622117812550345,
            0.6200473253117051,
            0.6796617937642474,
            0.7299629872621491,
            0.5947452284568964,
            0.6046569167181503,
            0.6195982663437377,
            0.5523200107868328,
            0.6095365483400433,
            0.5405540001946826,
            0.5011942740096602,
            0.5029647464669028,
            0.4465560400208762,
            0.5212170374254848,
            0.6828756082889645,
            0.6186200012994367,
            0.8357139278289883,
            0.9130208908125411,
            0.5634492535230725,
            0.4340645899606306,
            0.40984979497138846,
            0.4643617663965669
        ],
        "train_acc": [
            9.20138888888889,
            16.666666666666668,
            24.739583333333332,
            29.600694444444443,
            33.15972222222222,
            36.37152777777778,
            40.97222222222222,
            43.489583333333336,
            41.05902777777778,
            48.958333333333336,
            51.736111111111114,
            49.91319444444444,
            52.170138888888886,
            53.125,
            53.55902777777778,
            55.55555555555556,
            56.857638888888886,
            53.03819444444444,
            59.982638888888886,
            57.638888888888886,
            60.677083333333336,
            55.90277777777778,
            60.50347222222222,
            67.96875,
            63.107638888888886,
            58.59375,
            63.888888888888886,
            62.673611111111114,
            69.70486111111111,
            68.57638888888889,
            65.71180555555556,
            67.1875,
            70.48611111111111,
            69.09722222222223,
            63.19444444444444,
            75.26041666666667,
            71.00694444444444,
            73.61111111111111,
            77.34375,
            75.86805555555556,
            76.5625,
            77.60416666666667,
            71.00694444444444,
            69.18402777777777,
            65.97222222222223,
            65.79861111111111,
            68.22916666666667,
            76.99652777777777,
            79.34027777777777,
            76.47569444444444
        ],
        "test_acc": [
            11.99854121079504,
            20.933625091174324,
            29.795769511305615,
            38.25674690007294,
            46.3165572574763,
            41.539022611232674,
            47.84828592268417,
            47.33770970094821,
            49.48942377826404,
            53.099927060539756,
            54.19401896425966,
            52.735229759299784,
            52.69876002917579,
            56.60102115244347,
            56.01750547045952,
            51.349380014587894,
            50.583515681983954,
            63.93143690736689,
            66.95842450765865,
            58.8256746900073,
            58.096280087527354,
            58.7892049598833,
            67.94310722100657,
            73.63238512035011,
            59.372720641867254,
            51.16703136396791,
            65.68198395331875,
            67.28665207877462,
            63.566739606126916,
            75.96644784828592,
            71.84536834427425,
            66.04668125455872,
            79.21225382932167,
            73.7417943107221,
            75.67469000729395,
            79.50401167031364,
            75.34646243617797,
            79.79576951130562,
            76.80525164113786,
            80.74398249452955,
            82.20277169948942,
            76.98760029175784,
            66.44784828592269,
            72.97592997811816,
            59.883296863603206,
            57.22100656455142,
            76.76878191101386,
            84.39095550692925,
            85.88621444201313,
            82.4215900802334
        ]
    }
}