{
    "model_type": "lstm",
    "hyperparameters": {
        "model_type": "lstm",
        "batch_size": 32,
        "window_size": 16,
        "stride": 16,
        "hidden_size": 32,
        "num_layers": 2,
        "dropout": 0.3,
        "learning_rate": 0.005,
        "num_epochs": 50,
        "save_dir": "./results"
    },
    "metrics": {
        "Accuracy": 0.8809523809523809,
        "Precision": 0.8916951910150447,
        "Recall": 0.8809523809523809,
        "F1 Score": 0.8655943018328602
    },
    "time_statistics": {
        "total_training_time": 118.51619744300842,
        "average_training_time_per_epoch": 2.3703239488601686,
        "total_testing_time": 118.82210206985474,
        "average_testing_time_per_epoch": 2.3764420413970946,
        "total_time": 237.33829951286316
    },
    "training_history": {
        "train_loss": [
            2.972089926401774,
            2.3445735110176935,
            1.924042324225108,
            1.7943685783280268,
            1.5992443362871807,
            1.6709522604942322,
            1.5676974124378629,
            1.569194323486752,
            1.4691266086366441,
            1.4139276213116116,
            1.3874712917539809,
            1.274008830388387,
            1.250275280740526,
            1.182790564166175,
            1.1289817889531453,
            1.0054491096072726,
            0.9668635659747653,
            0.9743752545780606,
            1.1184365451335907,
            1.1034183899561565,
            0.9829660024907854,
            0.9313173360294766,
            0.9301211900181241,
            0.9024787379635705,
            0.8947716487778558,
            0.7762025958961911,
            0.7129193842411041,
            0.7609643605020311,
            0.6803264220555624,
            0.6237794508536657,
            0.8336763911777072,
            0.6451206372843848,
            0.5696080923080444,
            0.5709781481160058,
            0.5487977431880103,
            0.5657737023300595,
            0.5537510000997119,
            0.521834542353948,
            0.5005470928218629,
            0.49792075488302445,
            0.4786190738280614,
            0.46976881308688057,
            0.4227422558599048,
            0.4145548525783751,
            0.446119025349617,
            0.6088468730449677,
            0.5752646542257733,
            0.5563221640057034,
            0.4560060633553399,
            0.40113476249906754
        ],
        "test_loss": [
            2.6607716246084734,
            1.9318129176443273,
            1.7980407368053088,
            1.5932079959999432,
            1.4897039112719623,
            1.5702899613163688,
            1.4521007361737164,
            1.4245401539585807,
            1.368887322870168,
            1.3659128289331088,
            1.2592193321748213,
            1.2096225226467305,
            1.1826017065481707,
            1.0939485945484855,
            1.0219875492832877,
            0.9001572375947778,
            0.9317313513972543,
            0.8874847252260555,
            1.4040944454344837,
            0.9730854224074971,
            0.9173154085874557,
            0.906940064646981,
            0.8788088898767125,
            1.1314869834618135,
            0.7686140151186422,
            0.6732520989396356,
            0.879114946181124,
            0.6944415454160083,
            0.6166658787564798,
            0.7561935118653558,
            0.6336974291638895,
            0.5461063513701613,
            0.5076575875282288,
            0.5765625150366263,
            0.523842105133967,
            0.4756328754804351,
            0.5475770147009329,
            0.47226606851274316,
            0.4410404678095471,
            0.4381138841536912,
            0.4299715855582194,
            0.3928831825879487,
            0.4651782058856704,
            0.33486353064125235,
            0.513286616653204,
            0.7104285616766323,
            0.49798969247124414,
            0.4088172523135489,
            0.3542069169608029,
            0.36275582015514374
        ],
        "train_acc": [
            17.53472222222222,
            34.895833333333336,
            38.36805555555556,
            38.541666666666664,
            43.923611111111114,
            39.40972222222222,
            43.229166666666664,
            41.84027777777778,
            46.52777777777778,
            47.56944444444444,
            45.486111111111114,
            51.21527777777778,
            50.0,
            55.90277777777778,
            54.861111111111114,
            63.36805555555556,
            61.979166666666664,
            61.28472222222222,
            54.861111111111114,
            53.99305555555556,
            61.63194444444444,
            63.71527777777778,
            65.625,
            64.40972222222223,
            64.75694444444444,
            71.52777777777777,
            71.70138888888889,
            70.3125,
            74.47916666666667,
            76.5625,
            65.625,
            74.47916666666667,
            78.64583333333333,
            77.95138888888889,
            80.90277777777777,
            78.125,
            77.77777777777777,
            81.42361111111111,
            80.20833333333333,
            81.42361111111111,
            82.11805555555556,
            80.72916666666667,
            83.33333333333333,
            84.20138888888889,
            82.29166666666667,
            77.25694444444444,
            78.125,
            76.90972222222223,
            83.33333333333333,
            85.24305555555556
        ],
        "test_acc": [
            34.12698412698413,
            39.321789321789325,
            40.18759018759019,
            43.57864357864358,
            47.907647907647906,
            44.37229437229437,
            45.02164502164502,
            44.733044733044736,
            49.56709956709957,
            49.855699855699854,
            52.66955266955267,
            51.515151515151516,
            49.78354978354978,
            53.39105339105339,
            65.00721500721501,
            65.87301587301587,
            64.14141414141415,
            68.1096681096681,
            40.90909090909091,
            60.317460317460316,
            63.708513708513706,
            67.46031746031746,
            68.25396825396825,
            60.17316017316017,
            71.78932178932179,
            76.19047619047619,
            67.02741702741703,
            73.01587301587301,
            77.994227994228,
            73.08802308802309,
            77.994227994228,
            81.52958152958153,
            82.03463203463204,
            83.04473304473305,
            80.08658008658008,
            83.18903318903318,
            78.71572871572872,
            81.38528138528139,
            84.19913419913419,
            85.35353535353535,
            83.40548340548341,
            85.64213564213564,
            79.50937950937951,
            88.0952380952381,
            78.21067821067821,
            73.52092352092352,
            82.32323232323232,
            86.36363636363636,
            87.73448773448773,
            85.78643578643579
        ]
    }
}