{
    "model_type": "gru",
    "hyperparameters": {
        "model_type": "gru",
        "batch_size": 32,
        "window_size": 16,
        "stride": 16,
        "hidden_size": 32,
        "num_layers": 2,
        "dropout": 0.3,
        "learning_rate": 0.01,
        "num_epochs": 50,
        "save_dir": "./results"
    },
    "metrics": {
        "Accuracy": 0.9112554112554112,
        "Precision": 0.906718874600502,
        "Recall": 0.9112554112554112,
        "F1 Score": 0.8977734034498714
    },
    "time_statistics": {
        "total_training_time": 115.52342128753662,
        "average_training_time_per_epoch": 2.3104684257507326,
        "total_testing_time": 116.83206009864807,
        "average_testing_time_per_epoch": 2.336641201972961,
        "total_time": 232.3554813861847
    },
    "training_history": {
        "train_loss": [
            2.6353540420532227,
            1.8108535673883226,
            1.4225520822736952,
            1.2164924641450245,
            1.0346411334143744,
            0.9624220861328973,
            0.9313308828406863,
            0.8771396312448714,
            0.8508669237295786,
            0.7384062773651547,
            0.686084884736273,
            0.6307169944047928,
            0.6822548045052422,
            0.6771283083491855,
            0.7196596099270715,
            0.6374492363797294,
            0.538156227933036,
            0.44251029276185566,
            0.49424781815873253,
            0.7704538388384713,
            0.7654617312881682,
            0.588849941889445,
            0.4722070313162274,
            0.39877190440893173,
            0.3661155816581514,
            0.3508358473579089,
            0.3517722404665417,
            0.42661932938628727,
            0.4103577012817065,
            0.3536872929996914,
            0.4402251284983423,
            0.35021381907992893,
            0.29301731122864616,
            0.28842463675472474,
            0.2662164320548375,
            0.21858099227150282,
            0.49756573885679245,
            0.5045815979441007,
            0.3975645932886336,
            0.35896067569653195,
            0.4088626421160168,
            0.34840107295248246,
            0.2593873159752952,
            0.2542375284764502,
            0.2770484797656536,
            0.20121242851018906,
            0.2238015342089865,
            0.48288393144806224,
            0.316109052962727,
            0.2406262465649181
        ],
        "test_loss": [
            2.0211845853111963,
            1.4995506541295485,
            1.3335945524952628,
            0.9993693205443296,
            0.9045027142221277,
            0.943458916111426,
            0.7841840433803472,
            0.9056710262190212,
            0.6872395683418621,
            0.6210805848240852,
            0.6696071577343073,
            0.6287124272097241,
            0.6731783151626587,
            0.6460754431106828,
            0.5930281681093302,
            0.4864026856693355,
            0.43125000020319765,
            0.45947559584270825,
            0.56159453635866,
            0.5184736434708942,
            0.6778850372542035,
            0.47308211028575897,
            0.4100730513984507,
            0.34078277579762717,
            0.34627404605800455,
            0.36740049347281456,
            0.3448356657542966,
            0.45977606590498576,
            0.39900350384414196,
            0.37998818267475476,
            0.38440698791633954,
            0.46614855460145255,
            0.31674311411651696,
            0.29669856280088425,
            0.23128867928277363,
            0.22189470211213286,
            0.8112648488445715,
            0.424217243086208,
            0.2720681337470358,
            0.5583279800008644,
            0.539598614316095,
            0.30977146716957743,
            0.2824481134726243,
            0.4236143377016891,
            0.29075568254021084,
            0.2405456348576329,
            0.6594599424438043,
            0.5168089880184694,
            0.21087146584283223,
            0.20089210002598437
        ],
        "train_acc": [
            23.09027777777778,
            41.31944444444444,
            52.25694444444444,
            53.99305555555556,
            61.458333333333336,
            62.5,
            64.0625,
            67.70833333333333,
            68.22916666666667,
            71.00694444444444,
            73.78472222222223,
            75.69444444444444,
            72.74305555555556,
            72.56944444444444,
            71.875,
            74.13194444444444,
            78.81944444444444,
            82.11805555555556,
            78.64583333333333,
            70.83333333333333,
            71.35416666666667,
            77.43055555555556,
            81.94444444444444,
            83.85416666666667,
            84.02777777777777,
            85.41666666666667,
            85.76388888888889,
            81.77083333333333,
            81.42361111111111,
            85.41666666666667,
            80.72916666666667,
            83.50694444444444,
            87.15277777777777,
            87.67361111111111,
            88.88888888888889,
            91.31944444444444,
            83.15972222222223,
            80.20833333333333,
            84.89583333333333,
            83.85416666666667,
            84.02777777777777,
            87.84722222222223,
            89.23611111111111,
            90.10416666666667,
            89.0625,
            90.10416666666667,
            89.75694444444444,
            82.46527777777777,
            87.32638888888889,
            90.625
        ],
        "test_acc": [
            44.01154401154401,
            58.22510822510822,
            51.15440115440116,
            63.275613275613274,
            63.78066378066378,
            61.97691197691198,
            77.34487734487735,
            65.15151515151516,
            76.83982683982684,
            78.71572871572872,
            72.5108225108225,
            72.72727272727273,
            70.56277056277057,
            75.68542568542568,
            75.75757575757575,
            78.78787878787878,
            81.67388167388168,
            78.4992784992785,
            76.47907647907648,
            77.994227994228,
            73.37662337662337,
            78.93217893217893,
            81.38528138528139,
            82.97258297258297,
            83.76623376623377,
            83.69408369408369,
            83.83838383838383,
            79.58152958152958,
            81.52958152958153,
            86.002886002886,
            82.32323232323232,
            79.58152958152958,
            84.27128427128427,
            85.42568542568543,
            88.74458874458874,
            91.12554112554112,
            75.82972582972583,
            81.31313131313131,
            87.51803751803752,
            81.45743145743145,
            80.01443001443002,
            86.86868686868686,
            89.03318903318903,
            84.19913419913419,
            86.72438672438672,
            90.04329004329004,
            81.24098124098124,
            82.82828282828282,
            90.54834054834055,
            90.47619047619048
        ]
    }
}